{
    "name": "root",
    "gauges": {
        "AIPlayerAgent.Policy.Entropy.mean": {
            "value": 2.7908029556274414,
            "min": 2.7908029556274414,
            "max": 2.8044888973236084,
            "count": 6
        },
        "AIPlayerAgent.Policy.Entropy.sum": {
            "value": 27863.376953125,
            "min": 27840.162109375,
            "max": 28397.2890625,
            "count": 6
        },
        "AIPlayerAgent.Step.mean": {
            "value": 59882.0,
            "min": 9999.0,
            "max": 59882.0,
            "count": 6
        },
        "AIPlayerAgent.Step.sum": {
            "value": 59882.0,
            "min": 9999.0,
            "max": 59882.0,
            "count": 6
        },
        "AIPlayerAgent.Policy.ExtrinsicValueEstimate.mean": {
            "value": -0.6359046697616577,
            "min": -0.6359046697616577,
            "max": 0.2755379378795624,
            "count": 6
        },
        "AIPlayerAgent.Policy.ExtrinsicValueEstimate.sum": {
            "value": -49.600563049316406,
            "min": -49.600563049316406,
            "max": 21.491958618164062,
            "count": 6
        },
        "AIPlayerAgent.Policy.CuriosityValueEstimate.mean": {
            "value": -0.036051195114851,
            "min": -0.20300854742527008,
            "max": 0.2880339026451111,
            "count": 6
        },
        "AIPlayerAgent.Policy.CuriosityValueEstimate.sum": {
            "value": -2.811993360519409,
            "min": -15.834667205810547,
            "max": 22.466644287109375,
            "count": 6
        },
        "AIPlayerAgent.Environment.EpisodeLength.mean": {
            "value": 10476.0,
            "min": 4806.5,
            "max": 17222.0,
            "count": 4
        },
        "AIPlayerAgent.Environment.EpisodeLength.sum": {
            "value": 10476.0,
            "min": 9613.0,
            "max": 17222.0,
            "count": 4
        },
        "AIPlayerAgent.Environment.CumulativeReward.mean": {
            "value": -250.64431071281433,
            "min": -417.0161063671112,
            "max": -111.97965633869171,
            "count": 4
        },
        "AIPlayerAgent.Environment.CumulativeReward.sum": {
            "value": -250.64431071281433,
            "min": -417.0161063671112,
            "max": -223.95931267738342,
            "count": 4
        },
        "AIPlayerAgent.Policy.ExtrinsicReward.mean": {
            "value": -250.64431071281433,
            "min": -417.0161063671112,
            "max": -111.97965633869171,
            "count": 4
        },
        "AIPlayerAgent.Policy.ExtrinsicReward.sum": {
            "value": -250.64431071281433,
            "min": -417.0161063671112,
            "max": -223.95931267738342,
            "count": 4
        },
        "AIPlayerAgent.Policy.CuriosityReward.mean": {
            "value": 51.71570421010256,
            "min": 0.0,
            "max": 51.71570421010256,
            "count": 4
        },
        "AIPlayerAgent.Policy.CuriosityReward.sum": {
            "value": 51.71570421010256,
            "min": 0.0,
            "max": 51.71570421010256,
            "count": 4
        },
        "AIPlayerAgent.IsTraining.mean": {
            "value": 1.0,
            "min": 1.0,
            "max": 1.0,
            "count": 6
        },
        "AIPlayerAgent.IsTraining.sum": {
            "value": 1.0,
            "min": 1.0,
            "max": 1.0,
            "count": 6
        },
        "AIPlayerAgent.Losses.PolicyLoss.mean": {
            "value": 0.19981847955302026,
            "min": 0.17854197534034028,
            "max": 0.19981847955302026,
            "count": 2
        },
        "AIPlayerAgent.Losses.PolicyLoss.sum": {
            "value": 0.19981847955302026,
            "min": 0.17854197534034028,
            "max": 0.19981847955302026,
            "count": 2
        },
        "AIPlayerAgent.Losses.ValueLoss.mean": {
            "value": 0.03670452083072936,
            "min": 0.03670452083072936,
            "max": 0.05015833395688484,
            "count": 2
        },
        "AIPlayerAgent.Losses.ValueLoss.sum": {
            "value": 0.03670452083072936,
            "min": 0.03670452083072936,
            "max": 0.05015833395688484,
            "count": 2
        },
        "AIPlayerAgent.Policy.LearningRate.mean": {
            "value": 0.0002975425808191399,
            "min": 0.0002975425808191399,
            "max": 0.00029877030040990004,
            "count": 2
        },
        "AIPlayerAgent.Policy.LearningRate.sum": {
            "value": 0.0002975425808191399,
            "min": 0.0002975425808191399,
            "max": 0.00029877030040990004,
            "count": 2
        },
        "AIPlayerAgent.Policy.Epsilon.mean": {
            "value": 0.19918086000000007,
            "min": 0.19918086000000007,
            "max": 0.19959010000000002,
            "count": 2
        },
        "AIPlayerAgent.Policy.Epsilon.sum": {
            "value": 0.19918086000000007,
            "min": 0.19918086000000007,
            "max": 0.19959010000000002,
            "count": 2
        },
        "AIPlayerAgent.Policy.Beta.mean": {
            "value": 0.004959124914,
            "min": 0.004959124914,
            "max": 0.0049795459900000005,
            "count": 2
        },
        "AIPlayerAgent.Policy.Beta.sum": {
            "value": 0.004959124914,
            "min": 0.004959124914,
            "max": 0.0049795459900000005,
            "count": 2
        },
        "AIPlayerAgent.Losses.CuriosityForwardLoss.mean": {
            "value": 0.07456287185971935,
            "min": 0.07456287185971935,
            "max": 0.13379795076325535,
            "count": 2
        },
        "AIPlayerAgent.Losses.CuriosityForwardLoss.sum": {
            "value": 0.07456287185971935,
            "min": 0.07456287185971935,
            "max": 0.13379795076325535,
            "count": 2
        },
        "AIPlayerAgent.Losses.CuriosityInverseLoss.mean": {
            "value": 3.1851699352264404,
            "min": 3.1851699352264404,
            "max": 3.3192180732886,
            "count": 2
        },
        "AIPlayerAgent.Losses.CuriosityInverseLoss.sum": {
            "value": 3.1851699352264404,
            "min": 3.1851699352264404,
            "max": 3.3192180732886,
            "count": 2
        }
    },
    "metadata": {
        "timer_format_version": "0.1.0",
        "start_time_seconds": "1775772649",
        "python_version": "3.9.13 (tags/v3.9.13:6de2ca5, May 17 2022, 16:36:42) [MSC v.1929 64 bit (AMD64)]",
        "command_line_arguments": "C:\\Users\\trist\\AppData\\Local\\Programs\\Python\\Python39\\Scripts\\mlagents-learn config/agent.yaml --run-id=run1 --force",
        "mlagents_version": "0.30.0",
        "mlagents_envs_version": "0.30.0",
        "communication_protocol_version": "1.5.0",
        "pytorch_version": "1.8.1+cpu",
        "numpy_version": "1.21.2",
        "end_time_seconds": "1775773020"
    },
    "total": 370.9835968,
    "count": 1,
    "self": 0.005409699999972872,
    "children": {
        "run_training.setup": {
            "total": 0.04401350000000004,
            "count": 1,
            "self": 0.04401350000000004
        },
        "TrainerController.start_learning": {
            "total": 370.9341736,
            "count": 1,
            "self": 0.8183359999994195,
            "children": {
                "TrainerController._reset_env": {
                    "total": 6.4605220999999995,
                    "count": 1,
                    "self": 6.4605220999999995
                },
                "TrainerController.advance": {
                    "total": 363.5041320000006,
                    "count": 62691,
                    "self": 0.7727837999976259,
                    "children": {
                        "env_step": {
                            "total": 334.77866310000354,
                            "count": 62691,