{
    "name": "root",
    "gauges": {
        "AIPlayerAgent.Policy.Entropy.mean": {
            "value": 2.799452066421509,
            "min": 2.799452066421509,
            "max": 2.8042941093444824,
            "count": 4
        },
        "AIPlayerAgent.Policy.Entropy.sum": {
            "value": 27899.33984375,
            "min": 27899.33984375,
            "max": 28264.48046875,
            "count": 4
        },
        "AIPlayerAgent.Step.mean": {
            "value": 39932.0,
            "min": 9898.0,
            "max": 39932.0,
            "count": 4
        },
        "AIPlayerAgent.Step.sum": {
            "value": 39932.0,
            "min": 9898.0,
            "max": 39932.0,
            "count": 4
        },
        "AIPlayerAgent.Policy.ExtrinsicValueEstimate.mean": {
            "value": -0.28087592124938965,
            "min": -0.28087592124938965,
            "max": 0.091733917593956,
            "count": 4
        },
        "AIPlayerAgent.Policy.ExtrinsicValueEstimate.sum": {
            "value": -22.189197540283203,
            "min": -22.189197540283203,
            "max": 7.155245780944824,
            "count": 4
        },
        "AIPlayerAgent.Policy.CuriosityValueEstimate.mean": {
            "value": 0.15610149502754211,
            "min": 0.09010057896375656,
            "max": 0.16374178230762482,
            "count": 4
        },
        "AIPlayerAgent.Policy.CuriosityValueEstimate.sum": {
            "value": 12.33201789855957,
            "min": 7.117945671081543,
            "max": 12.935600280761719,
            "count": 4
        },
        "AIPlayerAgent.Environment.EpisodeLength.mean": {
            "value": 2458.5,
            "min": 2345.0,
            "max": 16478.0,
            "count": 4
        },
        "AIPlayerAgent.Environment.EpisodeLength.sum": {
            "value": 9834.0,
            "min": 2345.0,
            "max": 16478.0,
            "count": 4
        },
        "AIPlayerAgent.Environment.CumulativeReward.mean": {
            "value": -54.296418368816376,
            "min": -406.77354669570923,
            "max": -51.521838665008545,
            "count": 4
        },
        "AIPlayerAgent.Environment.CumulativeReward.sum": {
            "value": -217.1856734752655,
            "min": -406.77354669570923,
            "max": -51.521838665008545,
            "count": 4
        },
        "AIPlayerAgent.Policy.ExtrinsicReward.mean": {
            "value": -54.296418368816376,
            "min": -406.77354669570923,
            "max": -51.521838665008545,
            "count": 4
        },
        "AIPlayerAgent.Policy.ExtrinsicReward.sum": {
            "value": -217.1856734752655,
            "min": -406.77354669570923,
            "max": -51.521838665008545,
            "count": 4
        },
        "AIPlayerAgent.Policy.CuriosityReward.mean": {
            "value": 2.493262564763427,
            "min": 0.0,
            "max": 2.493262564763427,
            "count": 4
        },
        "AIPlayerAgent.Policy.CuriosityReward.sum": {
            "value": 9.973050259053707,
            "min": 0.0,
            "max": 9.973050259053707,
            "count": 4
        },
        "AIPlayerAgent.IsTraining.mean": {
            "value": 1.0,
            "min": 1.0,
            "max": 1.0,
            "count": 4
        },
        "AIPlayerAgent.IsTraining.sum": {
            "value": 1.0,
            "min": 1.0,
            "max": 1.0,
            "count": 4
        },
        "AIPlayerAgent.Losses.PolicyLoss.mean": {
            "value": 0.16169597598879287,
            "min": 0.16169597598879287,
            "max": 0.16169597598879287,
            "count": 1
        },
        "AIPlayerAgent.Losses.PolicyLoss.sum": {
            "value": 0.16169597598879287,
            "min": 0.16169597598879287,
            "max": 0.16169597598879287,
            "count": 1
        },
        "AIPlayerAgent.Losses.ValueLoss.mean": {
            "value": 0.04563260762952268,
            "min": 0.04563260762952268,
            "max": 0.04563260762952268,
            "count": 1
        },
        "AIPlayerAgent.Losses.ValueLoss.sum": {
            "value": 0.04563260762952268,
            "min": 0.04563260762952268,
            "max": 0.04563260762952268,
            "count": 1
        },
        "AIPlayerAgent.Policy.LearningRate.mean": {
            "value": 0.00029877066040978,
            "min": 0.00029877066040978,
            "max": 0.00029877066040978,
            "count": 1
        },
        "AIPlayerAgent.Policy.LearningRate.sum": {
            "value": 0.00029877066040978,
            "min": 0.00029877066040978,
            "max": 0.00029877066040978,
            "count": 1
        },
        "AIPlayerAgent.Policy.Epsilon.mean": {
            "value": 0.19959022000000004,
            "min": 0.19959022000000004,
            "max": 0.19959022000000004,
            "count": 1
        },
        "AIPlayerAgent.Policy.Epsilon.sum": {
            "value": 0.19959022000000004,
            "min": 0.19959022000000004,
            "max": 0.19959022000000004,
            "count": 1
        },
        "AIPlayerAgent.Policy.Beta.mean": {
            "value": 0.004979551978,
            "min": 0.004979551978,
            "max": 0.004979551978,
            "count": 1
        },
        "AIPlayerAgent.Policy.Beta.sum": {
            "value": 0.004979551978,
            "min": 0.004979551978,
            "max": 0.004979551978,
            "count": 1
        },
        "AIPlayerAgent.Losses.CuriosityForwardLoss.mean": {
            "value": 0.13244983561647436,
            "min": 0.13244983561647436,
            "max": 0.13244983561647436,
            "count": 1
        },
        "AIPlayerAgent.Losses.CuriosityForwardLoss.sum": {
            "value": 0.13244983561647436,
            "min": 0.13244983561647436,
            "max": 0.13244983561647436,
            "count": 1
        },
        "AIPlayerAgent.Losses.CuriosityInverseLoss.mean": {
            "value": 3.306739250818888,
            "min": 3.306739250818888,
            "max": 3.306739250818888,
            "count": 1
        },
        "AIPlayerAgent.Losses.CuriosityInverseLoss.sum": {
            "value": 3.306739250818888,
            "min": 3.306739250818888,
            "max": 3.306739250818888,
            "count": 1
        }
    },
    "metadata": {
        "timer_format_version": "0.1.0",
        "start_time_seconds": "1775773924",
        "python_version": "3.9.13 (tags/v3.9.13:6de2ca5, May 17 2022, 16:36:42) [MSC v.1929 64 bit (AMD64)]",
        "command_line_arguments": "C:\\Users\\trist\\AppData\\Local\\Programs\\Python\\Python39\\Scripts\\mlagents-learn config/agent.yaml --run-id=run1 --force",
        "mlagents_version": "0.30.0",
        "mlagents_envs_version": "0.30.0",
        "communication_protocol_version": "1.5.0",
        "pytorch_version": "1.8.1+cpu",
        "numpy_version": "1.21.2",
        "end_time_seconds": "1775774201"
    },
    "total": 276.9562653,
    "count": 1,
    "self": 0.0031304999999974825,
    "children": {
        "run_training.setup": {
            "total": 0.045060699999999954,
            "count": 1,
            "self": 0.045060699999999954
        },
        "TrainerController.start_learning": {
            "total": 276.90807409999996,
            "count": 1,
            "self": 0.6070484000014176,
            "children": {
                "TrainerController._reset_env": {
                    "total": 5.2056101,
                    "count": 1,
                    "self": 5.2056101
                },
                "TrainerController.advance": {
                    "total": 270.98729629999855,
                    "count": 48510,
                    "self": 0.5670765999972218,
                    "children": {
                        "env_step": {
                            "total": 250.65973899999946,
                            "count": 48510,
                            "self": 190.07944850000075,