{
    "name": "root",
    "metadata": {
        "timer_format_version": "0.1.0",
        "start_time_seconds": "1775778540",
        "python_version": "3.9.13 (tags/v3.9.13:6de2ca5, May 17 2022, 16:36:42) [MSC v.1929 64 bit (AMD64)]",
        "command_line_arguments": "C:\\Users\\trist\\AppData\\Local\\Programs\\Python\\Python39\\Scripts\\mlagents-learn config/agent.yaml --run-id=run1 --force",
        "mlagents_version": "0.30.0",
        "mlagents_envs_version": "0.30.0",
        "communication_protocol_version": "1.5.0",
        "pytorch_version": "1.8.1+cpu",
        "numpy_version": "1.21.2",
        "end_time_seconds": "1775778649"
    },
    "total": 108.6235774,
    "count": 1,
    "self": 0.005642999999992071,
    "children": {
        "run_training.setup": {
            "total": 0.045128500000000016,
            "count": 1,
            "self": 0.045128500000000016
        },
        "TrainerController.start_learning": {
            "total": 108.5728059,
            "count": 1,
            "self": 0.12593980000019656,
            "children": {
                "TrainerController._reset_env": {
                    "total": 6.3053914,
                    "count": 1,
                    "self": 6.3053914
                },
                "TrainerController.advance": {
                    "total": 101.96779239999981,
                    "count": 9802,
                    "self": 0.11639769999948157,
                    "children": {
                        "env_step": {
                            "total": 100.83831250000041,
                            "count": 9802,
                            "self": 88.52250980000088,
                            "children": {
                                "SubprocessEnvManager._take_step": {
                                    "total": 12.23934029999987,
                                    "count": 9802,
                                    "self": 0.35781019999964414,
                                    "children": {
                                        "TorchPolicy.evaluate": {
                                            "total": 11.881530100000226,
                                            "count": 9801,
                                            "self": 11.881530100000226
                                        }
                                    }
                                },
                                "workers": {
                                    "total": 0.07646239999966209,
                                    "count": 9801,
                                    "self": 0.0,
                                    "children": {
                                        "worker_root": {
                                            "total": 41.210155500000084,
                                            "count": 9801,
                                            "is_parallel": true,
                                            "self": 19.1576548,
                                            "children": {
                                                "steps_from_proto": {
                                                    "total": 0.0002573000000003489,
                                                    "count": 1,
                                                    "is_parallel": true,
                                                    "self": 0.00013320000000138776,
                                                    "children": {
                                                        "_process_rank_one_or_two_observation": {
                                                            "total": 0.00012409999999896115,
                                                            "count": 2,
                                                            "is_parallel": true,
                                                            "self": 0.00012409999999896115
                                                        }
                                                    }
                                                },
                                                "UnityEnvironment.step": {
                                                    "total": 22.052243400000084,
                                                    "count": 9801,
                                                    "is_parallel": true,
                                                    "self": 0.48373400000001254,
                                                    "children": {
                                                        "UnityEnvironment._generate_step_input": {
                                                            "total": 0.41197500000016074,
                                                            "count": 9801,
                                                            "is_parallel": true,
                                                            "self": 0.41197500000016074
                                                        },
                                                        "communicator.exchange": {
                                                            "total": 19.353546400000013,
                                                            "count": 9801,
                                                            "is_parallel": true,
                                                            "self": 19.353546400000013
                                                        },
                                                        "steps_from_proto": {
                                                            "total": 1.8029879999998952,
                                                            "count": 9801,
                                                            "is_parallel": true,
                                                            "self": 1.153226799999981,
                                                            "children": {
                                                                "_process_rank_one_or_two_observation": {
                                                                    "total": 0.6497611999999142,
                                                                    "count": 19602,
                                                                    "is_parallel": true,
                                                                    "self": 0.6497611999999142
                                                                }
                                                            }
                                                        }
                                                    }
                                                }
                                            }
                                        }
                                    }
                                }
                            }
                        },
                        "trainer_advance": {
                            "total": 1.0130821999999124,
                            "count": 9801,
                            "self": 0.1374937999997945,
                            "children": {
                                "process_trajectory": {
                                    "total": 0.875588400000118,
                                    "count": 9801,
                                    "self": 0.875588400000118
                                }
                            }
                        }
                    }
                },
                "TrainerController._save_models": {
                    "total": 0.17368229999999585,
                    "count": 1,
                    "self": 0.012940199999988522,
                    "children": {
                        "RLTrainer._checkpoint": {
                            "total": 0.16074210000000733,
                            "count": 1,