{
    "name": "root",
    "gauges": {
        "AIPlayerAgent.Policy.Entropy.mean": {
            "value": 2.7841336727142334,
            "min": 2.779759407043457,
            "max": 2.8045568466186523,
            "count": 8
        },
        "AIPlayerAgent.Policy.Entropy.sum": {
            "value": 27738.32421875,
            "min": 27694.625,
            "max": 28149.08203125,
            "count": 8
        },
        "AIPlayerAgent.Step.mean": {
            "value": 79893.0,
            "min": 9909.0,
            "max": 79893.0,
            "count": 8
        },
        "AIPlayerAgent.Step.sum": {
            "value": 79893.0,
            "min": 9909.0,
            "max": 79893.0,
            "count": 8
        },
        "AIPlayerAgent.Policy.ExtrinsicValueEstimate.mean": {
            "value": -0.7014134526252747,
            "min": -0.7014134526252747,
            "max": 0.026015467941761017,
            "count": 8
        },
        "AIPlayerAgent.Policy.ExtrinsicValueEstimate.sum": {
            "value": -62.42579650878906,
            "min": -62.42579650878906,
            "max": 2.0292065143585205,
            "count": 8
        },
        "AIPlayerAgent.Policy.CuriosityValueEstimate.mean": {
            "value": -0.02431054785847664,
            "min": -0.17040520906448364,
            "max": -0.02431054785847664,
            "count": 8
        },
        "AIPlayerAgent.Policy.CuriosityValueEstimate.sum": {
            "value": -2.1636388301849365,
            "min": -13.632416725158691,
            "max": -2.1636388301849365,
            "count": 8
        },
        "AIPlayerAgent.Environment.EpisodeLength.mean": {
            "value": 421.5769230769231,
            "min": 421.5769230769231,
            "max": 4916.0,
            "count": 7
        },
        "AIPlayerAgent.Environment.EpisodeLength.sum": {
            "value": 10961.0,
            "min": 4916.0,
            "max": 20902.0,
            "count": 7
        },
        "AIPlayerAgent.Environment.CumulativeReward.mean": {
            "value": -4.783633346557617,
            "min": -114.56843614578247,
            "max": -4.783633346557617,
            "count": 7
        },
        "AIPlayerAgent.Environment.CumulativeReward.sum": {
            "value": -119.59083366394043,
            "min": -483.3429036140442,
            "max": -114.56843614578247,
            "count": 7
        },
        "AIPlayerAgent.Policy.ExtrinsicReward.mean": {
            "value": -4.783633346557617,
            "min": -114.56843614578247,
            "max": -4.783633346557617,
            "count": 7
        },
        "AIPlayerAgent.Policy.ExtrinsicReward.sum": {
            "value": -119.59083366394043,
            "min": -483.3429036140442,
            "max": -114.56843614578247,
            "count": 7
        },
        "AIPlayerAgent.Policy.CuriosityReward.mean": {
            "value": 0.5892694899253548,
            "min": 0.0,
            "max": 2.800706830434501,
            "count": 7
        },
        "AIPlayerAgent.Policy.CuriosityReward.sum": {
            "value": 14.731737248133868,
            "min": 0.0,
            "max": 14.731737248133868,
            "count": 7
        },
        "AIPlayerAgent.IsTraining.mean": {
            "value": 1.0,
            "min": 1.0,
            "max": 1.0,
            "count": 8
        },
        "AIPlayerAgent.IsTraining.sum": {
            "value": 1.0,
            "min": 1.0,
            "max": 1.0,
            "count": 8
        },
        "AIPlayerAgent.Losses.PolicyLoss.mean": {
            "value": 0.17947987750036798,
            "min": 0.1253748636644256,
            "max": 0.17947987750036798,
            "count": 3
        },
        "AIPlayerAgent.Losses.PolicyLoss.sum": {
            "value": 0.17947987750036798,
            "min": 0.1253748636644256,
            "max": 0.17947987750036798,
            "count": 3
        },
        "AIPlayerAgent.Losses.ValueLoss.mean": {
            "value": 0.09008528913060825,
            "min": 0.03566067242839684,
            "max": 0.09008528913060825,
            "count": 3
        },
        "AIPlayerAgent.Losses.ValueLoss.sum": {
            "value": 0.09008528913060825,
            "min": 0.03566067242839684,
            "max": 0.09008528913060825,
            "count": 3
        },
        "AIPlayerAgent.Policy.LearningRate.mean": {
            "value": 0.00029633184122272,
            "min": 0.00029633184122272,
            "max": 0.00029876802041065985,
            "count": 3
        },
        "AIPlayerAgent.Policy.LearningRate.sum": {
            "value": 0.00029633184122272,
            "min": 0.00029633184122272,
            "max": 0.00029876802041065985,
            "count": 3
        },
        "AIPlayerAgent.Policy.Epsilon.mean": {
            "value": 0.19877727999999997,
            "min": 0.19877727999999997,
            "max": 0.19958934000000003,
            "count": 3
        },
        "AIPlayerAgent.Policy.Epsilon.sum": {
            "value": 0.19877727999999997,
            "min": 0.19877727999999997,
            "max": 0.19958934000000003,
            "count": 3
        },
        "AIPlayerAgent.Policy.Beta.mean": {
            "value": 0.004938986271999999,
            "min": 0.004938986271999999,
            "max": 0.004979508066,
            "count": 3
        },
        "AIPlayerAgent.Policy.Beta.sum": {
            "value": 0.004938986271999999,
            "min": 0.004938986271999999,
            "max": 0.004979508066,
            "count": 3
        },
        "AIPlayerAgent.Losses.CuriosityForwardLoss.mean": {
            "value": 0.04829715130229791,
            "min": 0.04829715130229791,
            "max": 0.15439101619025072,
            "count": 3
        },
        "AIPlayerAgent.Losses.CuriosityForwardLoss.sum": {
            "value": 0.04829715130229791,
            "min": 0.04829715130229791,
            "max": 0.15439101619025072,
            "count": 3
        },
        "AIPlayerAgent.Losses.CuriosityInverseLoss.mean": {
            "value": 3.039309980471929,
            "min": 3.039309980471929,
            "max": 3.321377617120743,
            "count": 3
        },
        "AIPlayerAgent.Losses.CuriosityInverseLoss.sum": {
            "value": 3.039309980471929,
            "min": 3.039309980471929,
            "max": 3.321377617120743,
            "count": 3
        }
    },
    "metadata": {
        "timer_format_version": "0.1.0",
        "start_time_seconds": "1775774713",
        "python_version": "3.9.13 (tags/v3.9.13:6de2ca5, May 17 2022, 16:36:42) [MSC v.1929 64 bit (AMD64)]",
        "command_line_arguments": "C:\\Users\\trist\\AppData\\Local\\Programs\\Python\\Python39\\Scripts\\mlagents-learn config/agent.yaml --run-id=run1 --force",
        "mlagents_version": "0.30.0",
        "mlagents_envs_version": "0.30.0",
        "communication_protocol_version": "1.5.0",
        "pytorch_version": "1.8.1+cpu",
        "numpy_version": "1.21.2",
        "end_time_seconds": "1775775294"
    },
    "total": 581.6642498,
    "count": 1,
    "self": 0.005612399999904483,
    "children": {
        "run_training.setup": {
            "total": 0.043537999999999966,
            "count": 1,
            "self": 0.043537999999999966
        },
        "TrainerController.start_learning": {
            "total": 581.6150994000001,
            "count": 1,
            "self": 0.9915034999922909,
            "children": {
                "TrainerController._reset_env": {
                    "total": 4.9311466,
                    "count": 1,
                    "self": 4.9311466
                },
                "TrainerController.advance": {
                    "total": 575.5435508000078,
                    "count": 80760,
                    "self": 0.9531165000042847,
                    "children": {
                        "env_step": {
                            "total": 505.19254490000304,
                            "count": 80760,